"Я БЫ",Заголовок,Дата
13533,"K /gwrites.de/hausarbeit-schreiben - полная форма","22-03-30 07:10:25"
13534,"K /gwrites.de/diplomarbeit - полная форма","22-03-30 08:58:36"
13535,"S /ug-gwc.de - только E-Mail","22-03-30 10:16:32"
13536,"K/ ug-gwc1.de/ Diplomarbeit wirtschaft - почта (только e-mail)","22-03-30 10:23:23"
13537,"K /gwrites.de/hausarbeit-schreiben - почта (только e-mail)","22-03-30 10:37:21"
13538,"K /gwrites.de/bachelorarbeit - полная форма","22-03-30 11:12:09"
13539,"K / ug-gwc1.de/ Seminararbeit - полная форма","22-03-30 12:06:46"
13540,"K /gwrites.de/bachelorarbeit - полная форма","22-03-30 12:37:55"
13541,"K /gwrites.de/bachelorarbeit - полная форма","22-03-30 12:56:25"
13544,"K / ug-gwc1.de/ Essay - полная форма","22-03-30 01:01:31"
13545,"K /gwrites.de/hausarbeit-schreiben - почта (только e-mail)","22-03-30 01:02:43"
13546,"K /gwrites.de/hausarbeit-schreiben - полная форма","22-03-30 01:04:46"
13547,"K /gwrites.de/exposeeschreiben - полная форма","22-03-30 02:46:32"
13548,"K /gwrites.de/hausarbeit-schreiben - почта (только e-mail)","22-03-30 03:14:29"
13549,"K / ug-gwc1.de/ Essay - полная форма","22-03-30 04:05:23"
13550,"K / ug-gwc1.de/ Seminararbeit - полная форма","22-03-30 04:07:29"
13552,"K /gwrites.de/online - полная форма","22-03-30 05:00:28"
13553,"K /gwrites.de/bachelorarbeit - полная форма","22-03-30 05:30:49"
13554,"K/ ug-gwc1.de/ Diplomarbeit wirtschaft - почта (только e-mail)","22-03-30 05:38:37"
13555,"K/ ug-gwc1.de/ Diplomarbeit wirtschaft - почта (только e-mail)","22-03-30 05:39:10"
13556,"K/ ug-gwc1.de/ Diplomarbeit wirtschaft - почта (только e-mail)","22-03-30 05:39:43"
13557,"K /gwrites.de/exposeeschreiben - полная форма","22-03-30 06:12:59"
13558,"K /gwrites.de/online - полная форма","22-03-30 06:13:25"
